,Title,Author,Num_Reviews,Rating,Genre
534,Where the Crawdads Sing,Delia Owens,87841,4.8,Fiction
383,The Girl on the Train,Paula Hawkins,79446,4.1,Fiction
32,Becoming,Michelle Obama,61133,4.8,Non Fiction
136,Gone Girl,Gillian Flynn,57271,4.0,Fiction
366,The Fault in Our Stars,John Green,50482,4.7,Fiction
437,The Nightingale: A Novel,Kristin Hannah,49288,4.8,Fiction
107,Fifty Shades of Grey: Book One of the Fifty Shades Trilogy (Fifty Shades of Grey Series),E L James,47265,3.8,Fiction
433,The Martian,Andy Weir,39459,4.7,Fiction
21,All the Light We Cannot See,Anthony Doerr,36348,4.6,Fiction
338,The Alchemist,Paulo Coelho,35799,4.7,Fiction
